{
    "$jason": {
        "head": {
            "title": "Splash Screen",
            "offline" : true,
            "actions": {
                "update_cache": {
                        "type": "$network.request",
                        "options": {
                            "method": "head",
                            "timeout": "2",
                            "url": "https://www.beerjs.cl/app/events/santiago/current.json"
                        },
                        "success": {
                            "type": "$global.set",
                            "options": {
                                "current": {
                                    "@": "https://www.beerjs.cl/app/events/santiago/current.json"
                                }
                            }
                        }
                },
                "$load":{
                    "type": "$render",
                    "success": {
                        "trigger": "update_cache"
                    }
                },
                "show_app": {
                    "type": "$href",
                    "options": {
                        "url": "file://home.json",
                        "transition": "replace"
                    }
                }
            }
        },
        "body": {
            "background": {
                "type": "html",
                "url": "file://preloader.html",
                "style": {
                    "background": "#F8DC3D",
                    "progress": "rgba(0,0,0,0)"
                }
            },
            "layers": [
                {
                    "type": "image",
                    "url": "file://huemul-patitas.gif",
                    "style": {
                        "width": "50",
                        "top":"90%",
                        "left": "50%-15"
                    }
                }
            ]
        }
    }
}
