{
    "title": "BeerJS 🍺",
    "number" : "",
    
    "status" : {
        "ended" : true
    },
    
    "registration" : {
        "available" : false,
        "url" : "https://beerjs.cl/santiago"
    },
    
    "topic": {
        "title": "Varios",
        "about": "",
        "notes": "Cada persona debe traer rica y helada cerveza para compartir entre los asistentes."
    },
    
    "urls": {
        "github" : "https://github.com/beerjs/santiago/issues"
    },
    
    "sponsor" : {
        "title" : "BeerJS",
        "image" : "file://beer.png",
        "about" : "",
        "url"   : "https://www.beerjs.cl/santiago"
    },
    
    "location": {
        "title": "BeerJS",
        "latitude" : "-33.4473457",
        "longitude" : "-70.6459903",
        "address": "Ubicación por Definir",
        "notes" : ""
    },
    
    "date" : {
        "description": "Sin Fecha",
        "day": "",
        "number": "",
        "month" : "",
        "year": "",
        "time": "19:00 hrs.",
        "iso" : "",
        "timezone" : "America/Santiago",
        "calendar": {
            "ics": ""
        }
    },
    
    "organizers" : [
        
    ],
    
    "speakers" : [
    ]
}

