{
    "$jason": {
        "head": {
            "title": "Credits View",
            "offline":true,
            "actions": {
                "$load": {
                    "type": "$render"
                }
            },
            "styles": {
                "@": "file://styles.json"
            },
            "templates": {
                "body": {
                    "style": {
                        "color": "#2E2E2C",
                        "border": "none"
                    },
                    "header": {
                        "title": "❤️ Créditos",
                        "style" : {
                            "background": "#F8DC3D",
                            "color": "#2E2E2C",
                            "font":"HelveticaNeue-Bold",
                            "size": 16, 
                            "theme": true
                        }
                    },
                    "background":{
                        "type":"html",
                        "url": "file://credits.html",
                        "style":{
                            "background": "#F8DC3D",
                            "progress": "rgba(0,0,0,0)"
                        },
                        "action":{
                            "type":"$default"
                        }
                    }
                }
            }
        }
    }
}
