{
    "$jason": {
        "head": {
            "title": "BeerJS - Chile",
            "description": "Beerjs.cl Santiago",
            "offline":true,
            "styles": {
                "@": "file://styles.json"
            },
            
            "data": {
                "current": {
                    "@": "https://www.beerjs.cl/app/events/santiago/current.json"
                },
                "dummy": {
                    "title": "BeerJS 🍺",
                    "number" : "NaN",
                    
                    "status" : {
                        "ended" : true
                    },
                    
                    "registration" : {
                        "available" : false,
                        "url" : "https://beerjs.cl/santiago"
                    },
                    
                    "topic": {
                        "title": "Varios",
                        "about": "",
                        "notes": "Cada persona debe traer rica y helada cerveza para compartir entre los asistentes."
                    },
                    
                    "urls": {
                        "github" : "https://github.com/beerjs/santiago/issues"
                    },
                    
                    "sponsor" : {
                        "title" : "BeerJS",
                        "image" : "file://beer.png",
                        "about" : "",
                        "url"   : "https://www.beerjs.cl/santiago"
                    },
                    
                    "location": {
                        "title": "BeerJS",
                        "latitude" : "-33.4473457",
                        "longitude" : "-70.6459903",
                        "address": "Ubicación por Definir",
                        "notes" : ""
                    },
                    
                    "date" : {
                        "description": "Sin Fecha",
                        "day": "",
                        "number": "",
                        "month" : "",
                        "year": "",
                        "time": "19:00 hrs.",
                        "iso" : "",
                        "timezone" : "America/Santiago",
                        "calendar": {
                            "ics": ""
                        }
                    },
                    
                    "organizers" : [
                        
                    ],
                    
                    "speakers" : [
                    ]
                }
                
                
            },

            "actions": {
                

                "$load": {
                    "type": "$render"
                },

                "$foreground": {
                    "type": "$reload"
                },

                "$pull": {
                    "type": "$reload"
                },
                
                
                "open_registration": {
                    "type": "$href",
                    "options": {
                        "url": "{{var event = (current && current.title) ? current : dummy; return event.registration.url}}",
                        "view": "web",
                        "transition": "modal"
                    }
                },

                "open_calendar": {
                    "type": "$href",
                    "options": {
                        "url": "{{var event = (current && current.title) ? current : dummy; return event.date.calendar.ics}}",
                        "view": "app",
                        "transition": "modal"
                    }
                },
                "open_map": {
                    "type": "$util.picker",
                    "options": {
                        "items": [
                            {
                                "text": "Apple Maps",
                                "action": {
                                    "type" : "$href",
                                    "options" : {
                                        "url": "{{var event = (current && current.title) ? current : dummy; return 'https://maps.apple.com?ll=' + event.location.latitude + ',' + event.location.longitude + '&z=17&address=' + event.location.address.trim().replace(' ', '+')}}",
                                        "view": "app"
                                    }
                                }
                            },
                            {
                                "text": "Google Maps",
                                "action": {
                                    "type" : "$href",
                                    "options": {
                                        "url": "{{var event = (current && current.title) ? current : dummy; return 'https://www.google.com/maps/place/' + event.location.address.trim().replace(' ', '+') + '/@' + event.location.latitude + ',' + event.location.longitude + ',17z'}}",
                                        "view": "app"
                                    }
                                }
                            }
                        ]
                    }
                },
                "open_profile": {
                    "type": "$href",
                    "options": {
                        "url": "file://profile.json",
                        "view": "jason",
                        "transition": "modal"
                    }
                }
            },
            
            
            "templates": {
                "body": {
                    "style": {
                        "border": "none"
                    },
                    "background": {
                        "type": "html",
                        "url": "file://background.html",
                        "style": {
                            "background": "#F8DC3D",
                            "progress": "rgba(0,0,0,0)"
                        }
                    },
                    "header": {
                        "title": "🍺 Santiago #{{var event = (current && current.number) ? current : dummy; return event.number}} 🍺",
                        "style": {
                            "background": "#F8DC3D",
                            "color": "#2E2E2C",
                            "font": "HelveticaNeue-Bold",
                            "size": 24,
                            "theme": true
                        },
                        "menu": {
                            "text": "Evento",
                            "action": {
                                "trigger": "open_registration"
                            },
                            "style": {
                                "font": "HelveticaNeue-Bold",
                                "size": 16
                            }
                        }
                    },
                    "sections": [
                        {
                            "type": "horizontal",
                            "style": {
                                "background": "#2E2E2C", 
                                "height":200, 
                                "color": "#ffffff"
                            },
                            "header": {
                                "type": "vertical",
                                "style": {
                                    "padding": 20,
                                    "background": "#F8DC3D"
                                },
                                "components": [{
                                    "type": "label",
                                    "text": "Próximo Evento: {{var event = (current && current.title) ? current : dummy; return event.date.description}}",
                                    "class": "font-helvetica-neue-bold color-dark-1 size-16"
                                }]
                            },
                            "items": [
                                {
                                    "type": "button",
                                    "url": "{{var event = (current && current.title) ? current : dummy; return event.sponsor.image}}",
                                    "style": {
                                        "width": "100%",
                                        "padding":2
                                    }, 
                                    "action": {
                                        "type": "$href",
                                        "options": {
                                            "url": "{{var event = (current && current.title) ? current : dummy; return event.sponsor.url}}",
                                            "view": "web",
                                            "transition": "modal"
                                        }
                                    }
                                },
                                {
                                    "type": "label",
                                    "text": "{{var event = (current && current.title) ? current : dummy; return event.topic.notes}}",
                                    "style": {
                                        "width": "100%",
                                        "padding":2,
                                        "align": "center",
                                        "color": "#ffffff",
                                        "size":16
                                    }
                                }
                            ]
                        },

                        {
                            "items": [
                                {
                                    "type": "horizontal",
                                    "style": {
                                        "padding": 20,
                                        "background":"#F8DC3D",
                                        "color":"#2E2E2C",
                                        "size":16
                                    },
                                    "action": {
                                        "trigger": "open_map"
                                    },
                                    "href":{},
                                    "components": [
                                        {
                                            "type": "button",
                                            "url": "file://pin.png",
                                            "style": {
                                                "width":40,
                                                "height":40
                                            }
                                        },
                                        {
                                            "type": "space",
                                            "style": {
                                                "padding":"10%"
                                            }
                                        },
                                        {
                                            "type": "label",
                                            "text": "{{var event = (current && current.title) ? current : dummy; return event.location.address}}",
                                            "style": {
                                                "width": "100%",
                                                "align": "center"
                                            },
                                            "class": "font-helvetica-neue-bold color-dark-1 size-16"
                                        },
                                        {
                                            "type": "space",
                                            "style": {
                                                "padding":"10%"
                                            }
                                        }
                                    ]
                                },
                                {
                                    "type": "horizontal",
                                    "style": {
                                        "padding": 20,
                                        "background":"#F8DC3D",
                                        "color":"#2E2E2C"
                                    },
                                    "action": {
                                        "trigger": "open_calendar"
                                    },
                                    "href":{},
                                    "components": [
                                        {
                                            "type": "button",
                                            "url": "file://calendar.png",
                                            "style": {
                                                "width":40,
                                                "height":40
                                            }
                                        },
                                        {
                                            "type": "space",
                                            "style": {
                                                "padding":"10%"
                                            }
                                        },
                                        {
                                            "type": "label",
                                            "text": "{{var event = (current && current.title) ? current : dummy; return event.date.description}} - {{var event = (current && current.title) ? current : dummy; return event.date.time}}",
                                            "style": {
                                                "width": "100%",
                                                "align": "center"
                                            },
                                            "class": "font-helvetica-neue-bold color-dark-1 size-16"
                                        },
                                        {
                                            "type": "space",
                                            "style": {
                                                "padding":"10%"
                                            }
                                        }
                                    ]
                                }
                            ]
                        },
                        {
                            "items":[{
                                "type":"space",
                                "style":{
                                    "background":"#2E2E2C",
                                    "padding":5
                                }
                            }]
                        },
                        {
                            "type": "horizontal",
                            "style": {
                                "background": "#2E2E2C",
                                "distribution": "equalsize",
                                "align": "center"
                            },
                            "items": {
                                "{{#each ((current && current.organizers) ? current.organizers : dummy.organizers)}}": {
                                    "type": "vertical",
                                    "style": {
                                        "spacing": 5,
                                        "padding": "10%",
                                        "height": 150,
                                        "align": "center"
                                    },
                                    "action": {
                                        "type": "$global.set",
                                        "options": {
                                            "person": "{{this}}"
                                        },
                                        "success": {
                                            "trigger":"open_profile"
                                        }
                                    },
                                    "components": [
                                        {
                                            "type": "image",
                                            "url": "{{this.image}}",
                                            "style": {
                                                "width": 80,
                                                "height": 80,
                                                "corner_radius": 40
                                            }
                                        },
                                        {
                                            "type": "label",
                                            "text": "{{this.title}}",
                                            "class": "font-helvetica-neue-bold color-white",
                                            "style": {
                                                "size":"15%"
                                            }
                                        }
                                    ]
                                }
                            }
                        },
                        {
                            "items":[{
                                "type":"label",
                                "text": "❤️ Créditos",
                                "style": {
                                    "width":"100%",
                                    "padding": 20,
                                    "background":"#F8DC3D",
                                    "color":"#2E2E2C",
                                    "size":16,
                                    "align":"center"
                                },
                                "class": "font-helvetica-neue-bold color-dark-1 size-16",
                                "action": {
                                    "type":"$href",
                                    "options":{
                                        "url":"file://credits.json",
                                        "view": "jason",
                                        "transition": "modal"
                                    }
                                }
                            }]
                        }
                    ]
                }
            }
        }
    }
}
