{
    "$jason": {
        "head": {
            "title": "Profile View",
            "offline":true,
            "actions": {
                "$load": {
                    "type": "$render"
                }
            },
            "styles": {
                "@": "file://styles.json"
            },
            "templates": {
                "body": {
                    "style": {
                        "background": "#F8DC3D",
                        "color": "#2E2E2C",
                        "border": "none"
                    },
                    "header": {
                        "title": "{{$global.person.name}}",
                        "style" : {
                            "background": "#F8DC3D",
                            "color": "#2E2E2C",
                            "font":"HelveticaNeue-Bold",
                            "size": 16, 
                            "theme": true
                        },
                        "menu": [
                            {
                                "{{#if $global.person.url != ''}}" : {
                                    "text": "Website",
                                    "style": {
                                        "font":"HelveticaNeue-Bold",
                                        "size":16
                                    },
                                    "href": {
                                        "url": "{{$global.person.url}}",
                                        "view": "web",
                                        "transition": "push"
                                    }
                                }
                            },
                            {
                                "{{#else}}": {
                                    "text": ""
                                }
                            }
                        ]
                    },
                    "sections": [
                        {
                            "items": [
                                {
                                    "type": "image",
                                    "url": "{{$global.person.image}}",
                                    "style": {
                                        "width": "100%"
                                    }
                                },
                                {
                                    "type": "label",
                                    "text": "{{$global.person.about}}",
                                    "style": {
                                        "size": 16
                                    },
                                    "class": "color-dark-1, font-helvetica-neue"
                                }
                            ]
                        }
                    ]
                }
            }
        }
    }
}
